z [m],T [K],M [kg/m2/s],Y_H2,Y_H,Y_O,Y_O2,Y_OH,Y_H2O,Y_HO2,Y_H2O2,Y_AR,Y_N2
0.0000000000e+00,300.000000,1.9840787629e+00,2.8511625276e-02,2.7054537094e-23,1.1708620846e-16,2.2626859761e-01,9.1303071517e-20,0.0000000000e+00,0.0000000000e+00,1.1666414542e-16,0.0000000000e+00,7.4521977711e-01
1.0050251256e-04,300.000000,1.9840787629e+00,2.8511625276e-02,6.4406172411e-23,1.1677166638e-16,2.2626859761e-01,1.0912864115e-19,0.0000000000e+00,0.0000000000e+00,1.1666373498e-16,0.0000000000e+00,7.4521977711e-01
2.0100502513e-04,300.000000,1.9840787629e+00,2.8511625276e-02,1.0175780773e-22,1.1645712430e-16,2.2626859761e-01,1.2695421077e-19,0.0000000000e+00,0.0000000000e+00,1.1666332455e-16,0.0000000000e+00,7.4521977711e-01
3.0150753769e-04,300.000000,1.9840787629e+00,2.8511625276e-02,1.3910944305e-22,1.1614258222e-16,2.2626859761e-01,1.4477978040e-19,0.0000000000e+00,0.0000000000e+00,1.1666291412e-16,0.0000000000e+00,7.4521977711e-01
4.0201005025e-04,300.000000,1.9840787629e+00,2.8511625276e-02,1.7293199002e-22,1.1582990785e-16,2.2626859761e-01,1.6092643535e-19,0.0000000000e+00,0.0000000000e+00,1.1666250527e-16,0.0000000000e+00,7.4521977711e-01
5.0251256281e-04,300.000000,1.9840787629e+00,2.8511625276e-02,1.7267918764e-22,1.1553526729e-16,2.2626859761e-01,1.6086221688e-19,0.0000000000e+00,0.0000000000e+00,1.1666211175e-16,0.0000000000e+00,7.4521977711e-01
6.0301507538e-04,300.000000,1.9840787629e+00,2.8511625276e-02,1.7242638527e-22,1.1524062672e-16,2.2626859761e-01,1.6079799842e-19,0.0000000000e+00,0.0000000000e+00,1.1666171824e-16,0.0000000000e+00,7.4521977711e-01
7.0351758794e-04,300.000000,1.9840787629e+00,2.8511625276e-02,1.7217358289e-22,1.1494598616e-16,2.2626859761e-01,1.6073377995e-19,0.0000000000e+00,0.0000000000e+00,1.1666132472e-16,0.0000000000e+00,7.4521977711e-01
8.0402010050e-04,300.000000,1.9840787629e+00,2.8511625276e-02,1.7192078051e-22,1.1465134560e-16,2.2626859761e-01,1.6066956148e-19,0.0000000000e+00,0.0000000000e+00,1.1666093121e-16,0.0000000000e+00,7.4521977711e-01
9.0452261307e-04,300.000000,1.9840787629e+00,2.8511625276e-02,1.7166797813e-22,1.1435670503e-16,2.2626859761e-01,1.6060534302e-19,0.0000000000e+00,0.0000000000e+00,1.1666053769e-16,0.0000000000e+00,7.4521977711e-01
1.0050251256e-03,300.000000,1.9840787629e+00,2.8511625276e-02,1.7141517576e-22,1.1406206447e-16,2.2626859761e-01,1.6054112455e-19,0.0000000000e+00,0.0000000000e+00,1.1666014418e-16,0.0000000000e+00,7.4521977711e-01
1.1055276382e-03,300.000000,1.9840787629e+00,2.8511625276e-02,1.7116237338e-22,1.1376742391e-16,2.2626859761e-01,1.6047690609e-19,0.0000000000e+00,0.0000000000e+00,1.1665975066e-16,0.0000000000e+00,7.4521977711e-01
1.2060301508e-03,300.000000,1.9840787629e+00,2.8511625276e-02,1.7090957100e-22,1.1347278334e-16,2.2626859761e-01,1.6041268762e-19,0.0000000000e+00,0.0000000000e+00,1.1665935715e-16,0.0000000000e+00,7.4521977711e-01
1.3065326633e-03,300.000000,1.9840787629e+00,2.8511625276e-02,1.7065676862e-22,1.1317814278e-16,2.2626859761e-01,1.6034846916e-19,0.0000000000e+00,0.0000000000e+00,1.1665896363e-16,0.0000000000e+00,7.4521977711e-01
1.4070351759e-03,300.000000,1.9840787629e+00,2.8511625276e-02,1.7040396624e-22,1.1288350222e-16,2.2626859761e-01,1.6028425069e-19,0.0000000000e+00,0.0000000000e+00,1.1665857011e-16,0.0000000000e+00,7.4521977711e-01
1.5075376884e-03,300.000000,1.9840787629e+00,2.8511625276e-02,1.7015116387e-22,1.1258886165e-16,2.2626859761e-01,1.6022003223e-19,0.0000000000e+00,0.0000000000e+00,1.1665817660e-16,0.0000000000e+00,7.4521977711e-01
1.6080402010e-03,300.000000,1.9840787629e+00,2.8511625276e-02,1.6989836149e-22,1.1229422109e-16,2.2626859761e-01,1.6015581376e-19,0.0000000000e+00,0.0000000000e+00,1.1665778308e-16,0.0000000000e+00,7.4521977711e-01
1.7085427136e-03,300.000000,1.9840787629e+00,2.8511625276e-02,1.6964555911e-22,1.1199958053e-16,2.2626859761e-01,1.6009159530e-19,0.0000000000e+00,0.0000000000e+00,1.1665738957e-16,0.0000000000e+00,7.4521977711e-01
1.8090452261e-03,300.000000,1.9840787629e+00,2.8511625276e-02,1.6939275673e-22,1.1170493996e-16,2.2626859761e-01,1.6002737683e-19,0.0000000000e+00,0.0000000000e+00,1.1665699605e-16,0.0000000000e+00,7.4521977711e-01
1.9095477387e-03,300.000000,1.9840787629e+00,2.8511625276e-02,1.6913995436e-22,1.1141029940e-16,2.2626859761e-01,1.5996315836e-19,0.0000000000e+00,0.0000000000e+00,1.1665660254e-16,0.0000000000e+00,7.4521977711e-01
2.0100502513e-03,300.000000,1.9840787629e+00,2.8511625276e-02,1.6888715198e-22,1.1111565884e-16,2.2626859761e-01,1.5989893990e-19,0.0000000000e+00,0.0000000000e+00,1.1665620902e-16,0.0000000000e+00,7.4521977711e-01
2.1105527638e-03,300.000000,1.9840787629e+00,2.8511625276e-02,1.6863434960e-22,1.1082101827e-16,2.2626859761e-01,1.5983472143e-19,0.0000000000e+00,0.0000000000e+00,1.1665581551e-16,0.0000000000e+00,7.4521977711e-01
2.2110552764e-03,300.000000,1.9840787629e+00,2.8511625276e-02,1.6838154722e-22,1.1052637771e-16,2.2626859761e-01,1.5977050297e-19,0.0000000000e+00,0.0000000000e+00,1.1665542199e-16,0.0000000000e+00,7.4521977711e-01
2.3115577889e-03,300.000000,1.9840787629e+00,2.8511625276e-02,1.6812874485e-22,1.1023173715e-16,2.2626859761e-01,1.5970628450e-19,0.0000000000e+00,0.0000000000e+00,1.1665502847e-16,0.0000000000e+00,7.4521977711e-01
2.4120603015e-03,300.000000,1.9840787629e+00,2.8511625276e-02,1.6787594247e-22,1.0993709658e-16,2.2626859761e-01,1.5964206604e-19,0.0000000000e+00,0.0000000000e+00,1.1665463496e-16,0.0000000000e+00,7.4521977711e-01
2.5125628141e-03,300.000000,1.9840787629e+00,2.8511625276e-02,1.6762314009e-22,1.0964245602e-16,2.2626859761e-01,1.5957784757e-19,0.0000000000e+00,0.0000000000e+00,1.1665424144e-16,0.0000000000e+00,7.4521977711e-01
2.6130653266e-03,300.000000,1.9840787629e+00,2.8511625276e-02,1.6737033771e-22,1.0934781546e-16,2.2626859761e-01,1.5951362911e-19,0.0000000000e+00,0.0000000000e+00,1.1665384793e-16,0.0000000000e+00,7.4521977711e-01
2.7135678392e-03,300.000000,1.9840787629e+00,2.8511625276e-02,1.6711753534e-22,1.0905317489e-16,2.2626859761e-01,1.5944941064e-19,0.0000000000e+00,0.0000000000e+00,1.1665345441e-16,0.0000000000e+00,7.4521977711e-01
2.8140703518e-03,300.000000,1.9840787629e+00,2.8511625276e-02,1.6686473296e-22,1.0875853433e-16,2.2626859761e-01,1.5938519218e-19,0.0000000000e+00,0.0000000000e+00,1.1665306090e-16,0.0000000000e+00,7.4521977711e-01
2.9145728643e-03,300.000000,1.9840787629e+00,2.8511625276e-02,1.6657326631e-22,1.0846610635e-16,2.2626859761e-01,1.5924670592e-19,0.0000000000e+00,0.0000000000e+00,1.1665267581e-16,0.0000000000e+00,7.4521977711e-01
3.0150753769e-03,300.000000,1.9840787629e+00,2.8511625276e-02,1.6614379184e-22,1.0818157596e-16,2.2626859761e-01,1.5884312904e-19,0.0000000000e+00,0.0000000000e+00,1.1665232079e-16,0.0000000000e+00,7.4521977711e-01
3.1155778894e-03,300.000000,1.9840787629e+00,2.8511625276e-02,1.6571431737e-22,1.0789704557e-16,2.2626859761e-01,1.5843955216e-19,0.0000000000e+00,0.0000000000e+00,1.1665196577e-16,0.0000000000e+00,7.4521977711e-01
3.2160804020e-03,300.000000,1.9840787629e+00,2.8511625276e-02,1.6528484290e-22,1.0761251517e-16,2.2626859761e-01,1.5803597528e-19,0.0000000000e+00,0.0000000000e+00,1.1665161075e-16,0.0000000000e+00,7.4521977711e-01
3.3165829146e-03,300.000000,1.9840787629e+00,2.8511625276e-02,1.6485536844e-22,1.0732798478e-16,2.2626859761e-01,1.5763239840e-19,0.0000000000e+00,0.0000000000e+00,1.1665125574e-16,0.0000000000e+00,7.4521977711e-01
3.4170854271e-03,300.000000,1.9840787629e+00,2.8511625276e-02,1.6442589397e-22,1.0704345438e-16,2.2626859761e-01,1.5722882152e-19,0.0000000000e+00,0.0000000000e+00,1.1665090072e-16,0.0000000000e+00,7.4521977711e-01
3.5175879397e-03,300.000000,1.9840787629e+00,2.8511625276e-02,1.6399641950e-22,1.0675892399e-16,2.2626859761e-01,1.5682524464e-19,0.0000000000e+00,0.0000000000e+00,1.1665054570e-16,0.0000000000e+00,7.4521977711e-01
3.6180904523e-03,300.000000,1.9840787629e+00,2.8511625276e-02,1.6356694503e-22,1.0647439359e-16,2.2626859761e-01,1.5642166775e-19,0.0000000000e+00,0.0000000000e+00,1.1665019068e-16,0.0000000000e+00,7.4521977711e-01
3.7185929648e-03,300.000000,1.9840787629e+00,2.8511625276e-02,1.6313747056e-22,1.0618986320e-16,2.2626859761e-01,1.5601809087e-19,0.0000000000e+00,0.0000000000e+00,1.1664983567e-16,0.0000000000e+00,7.4521977711e-01
3.8190954774e-03,300.000000,1.9840787629e+00,2.8511625276e-02,1.6270799609e-22,1.0590533281e-16,2.2626859761e-01,1.5561451399e-19,0.0000000000e+00,0.0000000000e+00,1.1664948065e-16,0.0000000000e+00,7.4521977711e-01
3.9195979899e-03,300.000000,1.9840787629e+00,2.8511625276e-02,1.6227852163e-22,1.0562080241e-16,2.2626859761e-01,1.5521093711e-19,0.0000000000e+00,0.0000000000e+00,1.1664912563e-16,0.0000000000e+00,7.4521977711e-01
4.0201005025e-03,300.000000,1.9840787629e+00,2.8511625276e-02,1.6184904716e-22,1.0533627202e-16,2.2626859761e-01,1.5480736023e-19,0.0000000000e+00,0.0000000000e+00,1.1664877061e-16,0.0000000000e+00,7.4521977711e-01
4.1206030151e-03,300.000000,1.9840787629e+00,2.8511625276e-02,1.6141957269e-22,1.0505174162e-16,2.2626859761e-01,1.5440378335e-19,0.0000000000e+00,0.0000000000e+00,1.1664841560e-16,0.0000000000e+00,7.4521977711e-01
4.2211055276e-03,300.000000,1.9840787629e+00,2.8511625275e-02,1.6103508713e-22,1.0480027496e-16,2.2626859761e-01,1.5403772780e-19,0.0000000000e+00,0.0000000000e+00,1.1665032738e-16,0.0000000000e+00,7.4521977711e-01
4.3216080402e-03,300.000000,1.9840787629e+00,2.8511625275e-02,1.6066319126e-22,1.0455806086e-16,2.2626859761e-01,1.5368217223e-19,0.0000000000e+00,0.0000000000e+00,1.1665287350e-16,0.0000000000e+00,7.4521977711e-01
4.4221105528e-03,300.000000,1.9840787629e+00,2.8511625275e-02,1.6029129540e-22,1.0431584675e-16,2.2626859761e-01,1.5332661665e-19,0.0000000000e+00,0.0000000000e+00,1.1665541962e-16,0.0000000000e+00,7.4521977711e-01
4.5226130653e-03,300.000000,1.9840787629e+00,2.8511625275e-02,1.5991939953e-22,1.0407363265e-16,2.2626859761e-01,1.5297106107e-19,0.0000000000e+00,0.0000000000e+00,1.1665796574e-16,0.0000000000e+00,7.4521977711e-01
4.6231155779e-03,300.000000,1.9840787629e+00,2.8511625274e-02,1.5954750367e-22,1.0383141855e-16,2.2626859761e-01,1.5261550549e-19,0.0000000000e+00,0.0000000000e+00,1.1666051187e-16,0.0000000000e+00,7.4521977711e-01
4.7236180905e-03,300.000000,1.9840787629e+00,2.8511625274e-02,1.5917560780e-22,1.0358920444e-16,2.2626859761e-01,1.5225994991e-19,0.0000000000e+00,0.0000000000e+00,1.1666305799e-16,0.0000000000e+00,7.4521977711e-01
4.8241206030e-03,300.000000,1.9840787629e+00,2.8511625274e-02,1.5880371194e-22,1.0334699034e-16,2.2626859761e-01,1.5190439433e-19,0.0000000000e+00,0.0000000000e+00,1.1666560411e-16,0.0000000000e+00,7.4521977711e-01
4.9246231156e-03,300.000000,1.9840787629e+00,2.8511625274e-02,1.5843181607e-22,1.0310477623e-16,2.2626859761e-01,1.5154883875e-19,0.0000000000e+00,0.0000000000e+00,1.1666815023e-16,0.0000000000e+00,7.4521977711e-01
5.0251256281e-03,300.000000,1.9840787629e+00,2.8511625273e-02,1.5805992021e-22,1.0286256213e-16,2.2626859761e-01,1.5119328317e-19,0.0000000000e+00,0.0000000000e+00,1.1667069636e-16,0.0000000000e+00,7.4521977711e-01
5.1256281407e-03,300.000000,1.9840787629e+00,2.8511625273e-02,1.5768802434e-22,1.0262034802e-16,2.2626859761e-01,1.5083772759e-19,0.0000000000e+00,0.0000000000e+00,1.1667324248e-16,0.0000000000e+00,7.4521977711e-01
5.2261306533e-03,300.000000,1.9840787629e+00,2.8511625273e-02,1.5731612848e-22,1.0237813392e-16,2.2626859761e-01,1.5048217201e-19,0.0000000000e+00,0.0000000000e+00,1.1667578860e-16,0.0000000000e+00,7.4521977711e-01
5.3266331658e-03,300.000000,1.9840787629e+00,2.8511625273e-02,1.5694423261e-22,1.0213591982e-16,2.2626859761e-01,1.5012661644e-19,0.0000000000e+00,0.0000000000e+00,1.1667833472e-16,0.0000000000e+00,7.4521977711e-01
5.4271356784e-03,300.000000,1.9840787629e+00,2.8511625270e-02,1.5755161360e-22,1.0253081543e-16,2.2626859761e-01,1.5070472180e-19,0.0000000000e+00,0.0000000000e+00,1.1676408830e-16,0.0000000000e+00,7.4521977712e-01
5.5276381910e-03,300.000000,1.9840787629e+00,2.8511625263e-02,1.6002771404e-22,1.0414148503e-16,2.2626859762e-01,1.5306449940e-19,0.0000000000e+00,0.0000000000e+00,1.1700862371e-16,0.0000000000e+00,7.4521977712e-01
5.6281407035e-03,300.000000,1.9840787629e+00,2.8511625255e-02,1.6250381448e-22,1.0575215463e-16,2.2626859762e-01,1.5542427700e-19,6.0329172989e-18,0.0000000000e+00,1.1725315913e-16,0.0000000000e+00,7.4521977713e-01
5.7286432161e-03,300.000000,1.9840787629e+00,2.8511625248e-02,1.6497991492e-22,1.0736282422e-16,2.2626859762e-01,1.5778405459e-19,2.5106421667e-17,0.0000000000e+00,1.1749769454e-16,0.0000000000e+00,7.4521977713e-01
5.8291457286e-03,300.000000,1.9840787629e+00,2.8511625241e-02,1.6745601536e-22,1.0897349382e-16,2.2626859762e-01,1.6014383219e-19,4.4179926036e-17,0.0000000000e+00,1.1774222996e-16,0.0000000000e+00,7.4521977714e-01
5.9296482412e-03,300.000000,1.9840787629e+00,2.8511625233e-02,1.6993211580e-22,1.1058416342e-16,2.2626859763e-01,1.6250360979e-19,6.3253430405e-17,0.0000000000e+00,1.1798676537e-16,0.0000000000e+00,7.4521977714e-01
6.0301507538e-03,300.000000,1.9840787629e+00,2.8511625214e-02,1.8226814663e-22,1.1858544733e-16,2.2626859763e-01,1.7426536659e-19,1.7082213527e-16,0.0000000000e+00,1.1950291123e-16,0.0000000000e+00,7.4521977715e-01
6.1306532663e-03,300.000000,1.9840787629e+00,2.8511625111e-02,2.6356211367e-22,1.7128112129e-16,2.2626859766e-01,2.5178226134e-19,8.9730458039e-16,0.0000000000e+00,1.2991238883e-16,0.0000000000e+00,7.4521977723e-01
6.2311557789e-03,300.000000,1.9840787629e+00,2.8511625008e-02,3.4485608071e-22,2.2397679524e-16,2.2626859769e-01,3.2929915609e-19,1.6237870255e-15,0.0000000000e+00,1.4032186644e-16,0.0000000000e+00,7.4521977730e-01
6.3316582915e-03,300.000000,1.9840787629e+00,2.8511624891e-02,4.4959089000e-22,2.9161915035e-16,2.2626859773e-01,4.2951203176e-19,2.6375605773e-15,0.0000000000e+00,1.5526029563e-16,0.0000000000e+00,7.4521977738e-01
6.4321608040e-03,300.000000,1.9840787629e+00,2.8511623884e-02,2.0217806624e-21,1.2949608801e-15,2.2626859803e-01,1.9505496998e-18,2.1636471174e-14,1.5838655720e-15,4.5372234623e-16,0.0000000000e+00,7.4521977809e-01
6.5326633166e-03,300.000000,1.9840787629e+00,2.8511622877e-02,3.5939704349e-21,2.2983026099e-15,2.2626859833e-01,3.4715873678e-18,4.0635381772e-14,3.9319695756e-15,7.5218439683e-16,0.0000000000e+00,7.4521977879e-01
6.6331658291e-03,300.000000,1.9840787629e+00,2.8511621871e-02,5.1661602073e-21,3.3016443396e-15,2.2626859863e-01,4.9926250358e-18,5.9634292369e-14,6.2800735792e-15,1.0506464474e-15,0.0000000000e+00,7.4521977950e-01
6.7336683417e-03,300.000002,1.9840787629e+00,2.8511612870e-02,3.5189598775e-20,2.0629151476e-14,2.2626860133e-01,3.6555937343e-17,5.1200033814e-13,6.6178230113e-14,8.8393562016e-15,0.0000000000e+00,7.4521978580e-01
6.8341708543e-03,300.000004,1.9840787629e+00,2.8511603044e-02,6.8152887316e-20,3.9643424545e-14,2.2626860428e-01,7.1223499341e-17,1.0091459424e-12,1.3202299804e-13,1.7402028627e-14,0.0000000000e+00,7.4521979267e-01
6.9346733668e-03,300.000005,1.9840787629e+00,2.8511593218e-02,1.0111617586e-19,5.8657697614e-14,2.2626860723e-01,1.0589106134e-16,1.5062915467e-12,1.9786776598e-13,2.5964701052e-14,0.0000000000e+00,7.4521979955e-01
7.0351758794e-03,300.000024,1.9840787629e+00,2.8511531935e-02,7.3537896767e-19,2.8163843570e-13,2.2626862560e-01,9.6525856067e-16,9.4827070914e-12,1.3330661218e-12,1.7615696396e-13,0.0000000000e+00,7.4521984245e-01
7.1356783920e-03,300.000089,1.9840787629e+00,2.8511378589e-02,5.7036340164e-18,1.1519169343e-12,2.2626867157e-01,8.9006685467e-15,4.9497432720e-11,7.3972402193e-12,9.8684295242e-13,0.0000000000e+00,7.4521994979e-01
7.2361809045e-03,300.000288,1.9840787629e+00,2.8510978323e-02,2.3746827638e-17,3.8840354159e-12,2.2626879152e-01,3.8308436047e-14,1.8374907435e-10,2.8024190560e-11,3.7503008113e-12,0.0000000000e+00,7.4522022994e-01
7.3366834171e-03,300.001565,1.9840787629e+00,2.8509372482e-02,4.2168931011e-16,2.3402813536e-11,2.2626927219e-01,7.4262501504e-13,1.4793644491e-09,2.4162596774e-10,3.2802740133e-11,1.5444757816e-90,7.4522135355e-01
7.4371859296e-03,300.004717,1.9840787630e+00,2.8506278639e-02,3.0050866123e-15,7.4726598832e-11,2.2627019702e-01,5.3914689042e-12,5.5865386597e-09,9.4667892289e-10,1.3033515037e-10,7.2130068039e-90,7.4522351760e-01
7.5376884422e-03,300.033975,1.9840787628e+00,2.8489867371e-02,8.4235567135e-14,6.1517153290e-10,2.2627507240e-01,1.5270972597e-10,6.7015295790e-08,1.2213403606e-08,1.7434448920e-09,9.0908342538e-89,7.4523497849e-01
7.6381909548e-03,300.285671,1.9840787563e+00,2.8416424442e-02,3.0033167324e-12,6.0528558121e-09,2.2629634805e-01,5.3571767755e-09,1.0480374432e-06,2.0468207597e-07,3.1430823265e-08,1.4425754314e-87,7.4528593194e-01
7.7386934673e-03,304.660742,1.9840786012e+00,2.7918174192e-02,3.2417106225e-10,1.2662534590e-07,2.2641289479e-01,4.5252236837e-07,4.3121676454e-05,9.1425590245e-06,1.5974072548e-06,6.7228216275e-86,7.4561448991e-01
7.8391959799e-03,498.713968,1.9840779863e+00,2.3715208496e-02,2.8664223846e-05,3.9117762009e-05,2.1921939328e-01,5.1610103689e-04,9.6715517435e-03,7.6623519327e-04,1.8357873135e-04,1.7841313956e-84,7.4586014953e-01
7.9396984925e-03,1084.087041,1.9840788338e+00,1.4267143449e-02,8.4380294205e-04,1.8119461700e-03,1.6315393319e-01,1.5604078677e-03,7.6487493621e-02,1.9061944512e-04,3.1307354081e-05,1.7663148763e-84,7.4165334596e-01
8.0402010050e-03,1464.344906,1.9840787860e+00,6.3616604261e-03,1.7543960325e-03,5.8192235696e-03,7.7715638117e-02,5.4051778824e-03,1.5982924971e-01,7.1509296601e-05,5.8066113182e-06,1.7701207651e-84,7.4303733835e-01
8.1407035176e-03,1643.063399,1.9840787724e+00,4.0047442435e-03,1.7648966167e-03,6.6054607655e-03,4.4503713975e-02,8.2333521522e-03,1.9009453903e-01,3.5914390742e-05,3.2181193242e-06,1.7733056744e-84,7.4475416070e-01
8.2412060302e-03,1744.386290,1.9840787689e+00,3.5856429363e-03,1.5330278662e-03,6.2049063801e-03,3.6307986411e-02,9.4701016223e-03,1.9775721044e-01,2.6167098257e-05,2.1151515223e-06,1.7740343894e-84,7.4511284210e-01
8.3417085427e-03,1813.804079,1.9840787671e+00,3.4650206145e-03,1.3309490993e-03,5.6607882550e-03,3.3187298193e-02,1.0017378438e-02,2.0114303465e-01,2.1853110618e-05,1.5663810500e-06,1.7741273119e-84,7.4517211126e-01
8.4422110553e-03,1867.581135,1.9840787660e+00,3.3755332363e-03,1.1736421654e-03,5.1700978770e-03,3.1097861103e-02,1.0306563337e-02,2.0366490745e-01,1.8993638739e-05,1.2445183813e-06,1.7741383071e-84,7.4519115667e-01
8.5427135678e-03,1910.511501,1.9840787652e+00,3.2909979555e-03,1.0513679033e-03,4.7536552735e-03,2.9464522236e-02,1.0452905931e-02,2.0576785948e-01,1.6900110502e-05,1.0434872949e-06,1.7741353984e-84,7.4520074762e-01
8.6432160804e-03,1945.483568,1.9840787646e+00,3.2095374361e-03,9.5417321520e-04,4.4029725751e-03,2.8121563942e-02,1.0512676923e-02,2.0757634458e-01,1.5292249432e-05,9.0882848734e-07,1.7741296176e-84,7.4520653025e-01
8.7437185930e-03,1975.434547,1.9840787641e+00,3.1312159120e-03,8.7267871847e-04,4.0975017501e-03,2.6958450743e-02,1.0524211018e-02,2.0919100675e-01,1.3972109646e-05,8.0879890453e-07,1.7741226558e-84,7.4521015420e-01
8.8442211055e-03,2001.166546,1.9840787637e+00,3.0569774097e-03,8.0468169256e-04,3.8331690003e-03,2.5946454773e-02,1.0499122733e-02,2.1063311067e-01,1.2886604584e-05,7.3429340840e-07,1.7741164607e-84,7.4521286283e-01
8.9447236181e-03,2023.718110,1.9840787633e+00,2.9867791641e-03,7.4664325413e-04,3.6010469417e-03,2.5049592107e-02,1.0450331291e-02,2.1193793655e-01,1.1970385596e-05,6.7614021498e-07,1.7741110569e-84,7.4521502417e-01
9.0452261307e-03,2043.828261,1.9840787630e+00,2.9203241263e-03,6.9608564491e-04,3.3942536630e-03,2.4241993152e-02,1.0386189523e-02,2.1313242145e-01,1.1179241111e-05,6.2892193819e-07,1.7741065472e-84,7.4521692427e-01
9.1457286432e-03,2061.769357,1.9840787627e+00,2.8576328846e-03,6.5194570491e-04,3.2100899949e-03,2.3514583870e-02,1.0310918793e-02,2.1422505903e-01,1.0494722988e-05,5.9022787954e-07,1.7741029931e-84,7.4521868477e-01
9.2462311558e-03,2077.127439,1.9840787624e+00,2.7996810593e-03,6.1482615373e-04,3.0521261634e-03,2.2884795656e-02,1.0226537967e-02,2.1519195238e-01,9.9285831848e-06,5.6001447089e-07,1.7740993171e-84,7.4521959202e-01
9.3467336683e-03,2091.532831,1.9840787622e+00,2.7438676765e-03,5.8048542212e-04,2.9045579604e-03,2.2290957794e-02,1.0139231949e-02,2.1611056088e-01,9.4067742084e-06,5.3281862609e-07,1.7740958990e-84,7.4522039872e-01
9.4472361809e-03,2104.892237,1.9840787620e+00,2.6904021555e-03,5.4919564196e-04,2.7684034377e-03,2.1736590928e-02,1.0048714271e-02,2.1697615595e-01,8.9336374099e-06,5.0893585742e-07,1.7740927642e-84,7.4522109504e-01
9.5477386935e-03,2116.768777,1.9840787618e+00,2.6406594752e-03,5.2211912072e-04,2.6485633655e-03,2.1238776144e-02,9.9556129839e-03,2.1776360039e-01,8.5269669275e-06,4.8921073283e-07,1.7740900203e-84,7.4522165235e-01
9.6482412060e-03,2128.035562,1.9840787616e+00,2.5925722514e-03,4.9674244655e-04,2.5354502652e-03,2.0764410585e-02,9.8620738576e-03,2.1851797226e-01,8.1468833739e-06,4.7105906351e-07,1.7740874380e-84,7.4522216039e-01
9.7487437186e-03,2138.468124,1.9840787615e+00,2.5467940894e-03,4.7367980608e-04,2.4315470713e-03,2.0322195707e-02,9.7681571442e-03,2.1922676441e-01,7.8029103430e-06,4.5501180346e-07,1.7740850771e-84,7.4522260384e-01
9.8492462312e-03,2148.005591,1.9840787613e+00,2.5037215897e-03,4.5304394640e-04,2.3375320082e-03,1.9914824024e-02,9.6749720000e-03,2.1988495216e-01,7.4964105528e-06,4.4102079160e-07,1.7740830073e-84,7.4522301684e-01
9.9497487437e-03,2157.091430,1.9840787612e+00,2.4620688292e-03,4.3361164584e-04,2.2484805334e-03,1.9525136607e-02,9.5824684379e-03,2.2051716180e-01,7.2084317159e-06,4.2801819463e-07,1.7740811257e-84,7.4522343570e-01
1.0050251256e-02,2165.471752,1.9840787610e+00,2.4227057124e-03,4.1603202734e-04,2.1671494078e-03,1.9163211531e-02,9.4914405565e-03,2.2110820376e-01,6.9488774118e-06,4.1649511584e-07,1.7740795926e-84,7.4522389164e-01
1.0150753769e-02,2172.895501,1.9840787609e+00,2.3864748702e-03,4.0070610188e-04,2.0956560334e-03,1.8840093560e-02,9.4042701934e-03,2.2164150220e-01,6.7245230201e-06,4.0668659285e-07,1.7740782007e-84,7.4522416583e-01
1.0251256281e-02,2179.915553,1.9840787608e+00,2.3515659253e-03,3.8633129059e-04,2.0283144332e-03,1.8533353147e-02,9.3187277984e-03,2.2215043146e-01,6.5150238617e-06,3.9760165479e-07,1.7740768684e-84,7.4522436332e-01
1.0351758794e-02,2186.935604,1.9840787607e+00,2.3166569804e-03,3.7195647930e-04,1.9609728329e-03,1.8226612733e-02,9.2331854033e-03,2.2265936071e-01,6.3055247032e-06,3.8851671672e-07,1.7740755360e-84,7.4522456082e-01
1.0452261307e-02,2193.311807,1.9840787606e+00,2.2841449414e-03,3.5920233165e-04,1.9006481511e-03,1.7945886842e-02,9.1505551254e-03,2.2312832933e-01,6.1202955493e-06,3.8057706938e-07,1.7740743510e-84,7.4522473240e-01
1.0552763819e-02,2199.247659,1.9840787605e+00,2.2532722268e-03,3.4755661026e-04,1.8451225753e-03,1.7682953156e-02,9.0699165421e-03,2.2356996753e-01,5.9516654663e-06,3.7342072481e-07,1.7740732668e-84,7.4522488627e-01
1.0653266332e-02,2205.183512,1.9840787604e+00,2.2223995122e-03,3.3591088887e-04,1.7895969995e-03,1.7420019470e-02,8.9892779588e-03,2.2401160573e-01,5.7830353832e-06,3.6626438024e-07,1.7740721826e-84,7.4522504014e-01
1.0753768844e-02,2210.704241,1.9840787603e+00,2.1932131623e-03,3.2526919889e-04,1.7385277902e-03,1.7174061706e-02,8.9112807297e-03,2.2442645331e-01,5.6292507917e-06,3.5977555584e-07,1.7740712327e-84,7.4522520508e-01
1.0854271357e-02,2215.783237,1.9840787603e+00,2.1658212731e-03,3.1569589873e-04,1.6922006007e-03,1.6946168022e-02,8.8360941655e-03,2.2481279298e-01,5.4912632877e-06,3.5399703963e-07,1.7740704258e-84,7.4522538180e-01
1.0954773869e-02,2220.862234,1.9840787602e+00,2.1384293840e-03,3.0612259856e-04,1.6458734111e-03,1.6718274337e-02,8.7609076013e-03,2.2519913265e-01,5.3532757836e-06,3.4821852343e-07,1.7740696188e-84,7.4522555852e-01
1.1055276382e-02,2225.510572,1.9840787601e+00,2.1128724405e-03,2.9747187576e-04,1.6038324155e-03,1.6508685292e-02,8.6896507371e-03,2.2555621904e-01,5.2290185059e-06,3.4302981901e-07,1.7740689116e-84,7.4522569615e-01
1.1155778894e-02,2229.441446,1.9840787600e+00,2.0903724659e-03,2.9035814141e-04,1.5689321006e-03,1.6329591271e-02,8.6249406446e-03,2.2586457026e-01,5.1276354063e-06,3.3882372471e-07,1.7740683703e-84,7.4522576865e-01
1.1256281407e-02,2233.372319,1.9840787600e+00,2.0678724914e-03,2.8324440705e-04,1.5340317858e-03,1.6150497250e-02,8.5602305520e-03,2.2617292149e-01,5.0262523066e-06,3.3461763042e-07,1.7740678290e-84,7.4522584115e-01
1.1356783920e-02,2237.303193,1.9840787599e+00,2.0453725168e-03,2.7613067269e-04,1.4991314709e-03,1.5971403229e-02,8.4955204595e-03,2.2648127272e-01,4.9248692070e-06,3.3041153613e-07,1.7740672877e-84,7.4522591366e-01
1.1457286432e-02,2241.234066,1.9840787599e+00,2.0228725422e-03,2.6901693833e-04,1.4642311560e-03,1.5792309208e-02,8.4308103670e-03,2.2678962394e-01,4.8234861074e-06,3.2620544183e-07,1.7740667465e-84,7.4522598616e-01
1.1557788945e-02,2245.164940,1.9840787598e+00,2.0003725677e-03,2.6190320397e-04,1.4293308412e-03,1.5613215187e-02,8.3661002745e-03,2.2709797517e-01,4.7221030078e-06,3.2199934754e-07,1.7740662052e-84,7.4522605866e-01
1.1658291457e-02,2248.968232,1.9840787598e+00,1.9784671173e-03,2.5507163107e-04,1.3957407937e-03,1.5439551399e-02,8.3026592345e-03,2.2739743891e-01,4.6247932435e-06,3.1796376708e-07,1.7740656871e-84,7.4522612816e-01
1.1758793970e-02,2252.083096,1.9840787597e+00,1.9597697207e-03,2.4976260208e-04,1.3692209519e-03,1.5295189165e-02,8.2460660051e-03,2.2764894579e-01,4.5494632072e-06,3.1484827973e-07,1.7740652941e-84,7.4522618145e-01
1.1859296482e-02,2255.197961,1.9840787597e+00,1.9410723242e-03,2.4445357308e-04,1.3427011101e-03,1.5150826931e-02,8.1894727757e-03,2.2790045268e-01,4.4741331709e-06,3.1173279237e-07,1.7740649011e-84,7.4522623474e-01
1.1959798995e-02,2258.312825,1.9840787596e+00,1.9223749277e-03,2.3914454409e-04,1.3161812683e-03,1.5006464697e-02,8.1328795464e-03,2.2815195956e-01,4.3988031346e-06,3.0861730501e-07,1.7740645081e-84,7.4522628804e-01
1.2060301508e-02,2261.427690,1.9840787596e+00,1.9036775312e-03,2.3383551510e-04,1.2896614266e-03,1.4862102462e-02,8.0762863170e-03,2.2840346644e-01,4.3234730983e-06,3.0550181766e-07,1.7740641151e-84,7.4522634133e-01
1.2160804020e-02,2264.542554,1.9840787595e+00,1.8849801346e-03,2.2852648611e-04,1.2631415848e-03,1.4717740228e-02,8.0196930877e-03,2.2865497333e-01,4.2481430620e-06,3.0238633030e-07,1.7740637221e-84,7.4522639462e-01
1.2261306533e-02,2267.657419,1.9840787595e+00,1.8662827381e-03,2.2321745712e-04,1.2366217430e-03,1.4573377994e-02,7.9630998583e-03,2.2890648021e-01,4.1728130257e-06,2.9927084294e-07,1.7740633291e-84,7.4522644792e-01
1.2361809045e-02,2270.217462,1.9840787595e+00,1.8503643535e-03,2.1906179212e-04,1.2155936688e-03,1.4453083096e-02,7.9132548661e-03,2.2911774196e-01,4.1139366472e-06,2.9682941020e-07,1.7740630285e-84,7.4522648950e-01
1.2462311558e-02,2272.740579,1.9840787594e+00,1.8346309276e-03,2.1498288992e-04,1.1949311022e-03,1.4334390013e-02,7.8638590066e-03,2.2932632517e-01,4.0561553512e-06,2.9443283954e-07,1.7740627341e-84,7.4522653031e-01
1.2562814070e-02,2275.263696,1.9840787594e+00,1.8188975016e-03,2.1090398771e-04,1.1742685357e-03,1.4215696929e-02,7.8144631471e-03,2.2953490838e-01,3.9983740552e-06,2.9203626889e-07,1.7740624397e-84,7.4522657111e-01
1.2663316583e-02,2277.786812,1.9840787594e+00,1.8031640757e-03,2.0682508551e-04,1.1536059691e-03,1.4097003846e-02,7.7650672876e-03,2.2974349159e-01,3.9405927592e-06,2.8963969823e-07,1.7740621452e-84,7.4522661192e-01
1.2763819095e-02,2280.309929,1.9840787593e+00,1.7874306498e-03,2.0274618331e-04,1.1329434026e-03,1.3978310763e-02,7.7156714281e-03,2.2995207480e-01,3.8828114632e-06,2.8724312758e-07,1.7740618508e-84,7.4522665272e-01
1.2864321608e-02,2282.833046,1.9840787593e+00,1.7716972239e-03,1.9866728110e-04,1.1122808360e-03,1.3859617680e-02,7.6662755686e-03,2.3016065801e-01,3.8250301672e-06,2.8484655692e-07,1.7740615564e-84,7.4522669353e-01
1.2964824121e-02,2285.037067,1.9840787593e+00,1.7576641412e-03,1.9521562457e-04,1.0946617740e-03,1.3755019233e-02,7.6213718387e-03,2.3034528052e-01,3.7761102191e-06,2.8280962809e-07,1.7740613077e-84,7.4522672795e-01
1.3065326633e-02,2287.116286,1.9840787593e+00,1.7442960889e-03,1.9200929344e-04,1.0782330732e-03,1.3655933414e-02,7.5782250495e-03,2.3052053163e-01,3.7306560802e-06,2.8091336069e-07,1.7740610769e-84,7.4522675988e-01
1.3165829146e-02,2289.195504,1.9840787592e+00,1.7309280365e-03,1.8880296231e-04,1.0618043725e-03,1.3556847594e-02,7.5350782603e-03,2.3069578275e-01,3.6852019412e-06,2.7901709329e-07,1.7740608461e-84,7.4522679181e-01
1.3266331658e-02,2291.274723,1.9840787592e+00,1.7175599842e-03,1.8559663119e-04,1.0453756718e-03,1.3457761775e-02,7.4919314711e-03,2.3087103386e-01,3.6397478023e-06,2.7712082589e-07,1.7740606153e-84,7.4522682373e-01
1.3366834171e-02,2293.353941,1.9840787592e+00,1.7041919319e-03,1.8239030006e-04,1.0289469710e-03,1.3358675956e-02,7.4487846819e-03,2.3104628498e-01,3.5942936634e-06,2.7522455850e-07,1.7740603845e-84,7.4522685566e-01
1.3467336683e-02,2295.433160,1.9840787592e+00,1.6908238796e-03,1.7918396893e-04,1.0125182703e-03,1.3259590137e-02,7.4056378927e-03,2.3122153609e-01,3.5488395244e-06,2.7332829110e-07,1.7740601537e-84,7.4522688759e-01
1.3567839196e-02,2297.340331,1.9840787592e+00,1.6784297861e-03,1.7629953423e-04,9.9767385779e-04,1.3168217694e-02,7.3652182819e-03,2.3138345945e-01,3.5078898613e-06,2.7161447397e-07,1.7740599511e-84,7.4522692189e-01
1.3668341709e-02,2299.075521,1.9840787592e+00,1.6670092710e-03,1.7373687024e-04,9.8441311477e-04,1.3084555615e-02,7.3275247842e-03,2.3153206025e-01,3.4714429147e-06,2.7008303585e-07,1.7740597765e-84,7.4522695857e-01
1.3768844221e-02,2300.810711,1.9840787591e+00,1.6555887560e-03,1.7117420626e-04,9.7115237175e-04,1.3000893536e-02,7.2898312866e-03,2.3168066105e-01,3.4349959682e-06,2.6855159773e-07,1.7740596020e-84,7.4522699525e-01
1.3869346734e-02,2302.545901,1.9840787591e+00,1.6441682409e-03,1.6861154227e-04,9.5789162873e-04,1.2917231458e-02,7.2521377889e-03,2.3182926185e-01,3.3985490216e-06,2.6702015962e-07,1.7740594275e-84,7.4522703192e-01
1.3969849246e-02,2304.281090,1.9840787591e+00,1.6327477259e-03,1.6604887828e-04,9.4463088571e-04,1.2833569379e-02,7.2144442913e-03,2.3197786265e-01,3.3621020750e-06,2.6548872150e-07,1.7740592530e-84,7.4522706860e-01
1.4070351759e-02,2306.016280,1.9840787591e+00,1.6213272109e-03,1.6348621430e-04,9.3137014269e-04,1.2749907300e-02,7.1767507936e-03,2.3212646345e-01,3.3256551285e-06,2.6395728338e-07,1.7740590785e-84,7.4522710528e-01
1.4170854271e-02,2307.623437,1.9840787591e+00,1.6106574673e-03,1.6113598849e-04,9.1918643059e-04,1.2672191068e-02,7.1413857213e-03,2.3226475228e-01,3.2922140231e-06,2.6254877334e-07,1.7740589243e-84,7.4522713628e-01
1.4271356784e-02,2308.903553,1.9840787591e+00,1.6019054355e-03,1.5932839806e-04,9.0975380162e-04,1.2609662441e-02,7.1119681955e-03,2.3237670102e-01,3.2664508026e-06,2.6145426111e-07,1.7740588221e-84,7.4522715280e-01
1.4371859296e-02,2310.183670,1.9840787591e+00,1.5931534037e-03,1.5752080763e-04,9.0032117264e-04,1.2547133814e-02,7.0825506697e-03,2.3248864977e-01,3.2406875820e-06,2.6035974889e-07,1.7740587199e-84,7.4522716932e-01
1.4472361809e-02,2311.463786,1.9840787591e+00,1.5844013719e-03,1.5571321720e-04,8.9088854367e-04,1.2484605187e-02,7.0531331439e-03,2.3260059851e-01,3.2149243614e-06,2.5926523667e-07,1.7740586177e-84,7.4522718584e-01
1.4572864322e-02,2312.743902,1.9840787591e+00,1.5756493401e-03,1.5390562678e-04,8.8145591470e-04,1.2422076560e-02,7.0237156182e-03,2.3271254725e-01,3.1891611408e-06,2.5817072444e-07,1.7740585156e-84,7.4522720235e-01
1.4673366834e-02,2314.024019,1.9840787591e+00,1.5668973083e-03,1.5209803635e-04,8.7202328573e-04,1.2359547933e-02,6.9942980924e-03,2.3282449600e-01,3.1633979202e-06,2.5707621222e-07,1.7740584134e-84,7.4522721887e-01
1.4773869347e-02,2315.304135,1.9840787591e+00,1.5581452765e-03,1.5029044592e-04,8.6259065675e-04,1.2297019306e-02,6.9648805666e-03,2.3293644474e-01,3.1376346996e-06,2.5598170000e-07,1.7740583112e-84,7.4522723539e-01
1.4874371859e-02,2316.584252,1.9840787591e+00,1.5493932447e-03,1.4848285550e-04,8.5315802778e-04,1.2234490679e-02,6.9354630408e-03,2.3304839349e-01,3.1118714790e-06,2.5488718777e-07,1.7740582090e-84,7.4522725191e-01
1.4974874372e-02,2317.864368,1.9840787590e+00,1.5406412129e-03,1.4667526507e-04,8.4372539881e-04,1.2171962051e-02,6.9060455150e-03,2.3316034223e-01,3.0861082584e-06,2.5379267555e-07,1.7740581069e-84,7.4522726843e-01
1.5075376884e-02,2319.144485,1.9840787590e+00,1.5318891811e-03,1.4486767464e-04,8.3429276984e-04,1.2109433424e-02,6.8766279893e-03,2.3327229097e-01,3.0603450378e-06,2.5269816333e-07,1.7740580047e-84,7.4522728494e-01
1.5175879397e-02,2320.424601,1.9840787590e+00,1.5231371493e-03,1.4306008421e-04,8.2486014086e-04,1.2046904797e-02,6.8472104635e-03,2.3338423972e-01,3.0345818172e-06,2.5160365110e-07,1.7740579025e-84,7.4522730146e-01
1.5276381910e-02,2321.704718,1.9840787590e+00,1.5143851175e-03,1.4125249379e-04,8.1542751189e-04,1.1984376170e-02,6.8177929377e-03,2.3349618846e-01,3.0088185966e-06,2.5050913888e-07,1.7740578003e-84,7.4522731798e-01
1.5376884422e-02,2322.984834,1.9840787590e+00,1.5056330857e-03,1.3944490336e-04,8.0599488292e-04,1.1921847543e-02,6.7883754119e-03,2.3360813721e-01,2.9830553760e-06,2.4941462665e-07,1.7740576981e-84,7.4522733450e-01
1.5477386935e-02,2324.000756,1.9840787590e+00,1.4985190479e-03,1.3807556638e-04,7.9878497808e-04,1.1871648675e-02,6.7640367180e-03,2.3369837561e-01,2.9633841916e-06,2.4856908567e-07,1.7740576217e-84,7.4522734745e-01
1.5577889447e-02,2324.967790,1.9840787590e+00,1.4917081175e-03,1.3678732735e-04,7.9198638396e-04,1.1823731405e-02,6.7406378519e-03,2.3378459656e-01,2.9448403266e-06,2.4776961633e-07,1.7740575501e-84,7.4522735975e-01
1.5678391960e-02,2325.934823,1.9840787590e+00,1.4848971872e-03,1.3549908831e-04,7.8518778985e-04,1.1775814135e-02,6.7172389858e-03,2.3387081750e-01,2.9262964616e-06,2.4697014698e-07,1.7740574784e-84,7.4522737204e-01
1.5778894472e-02,2326.901856,1.9840787590e+00,1.4780862568e-03,1.3421084927e-04,7.7838919573e-04,1.1727896864e-02,6.6938401197e-03,2.3395703845e-01,2.9077525965e-06,2.4617067764e-07,1.7740574068e-84,7.4522738434e-01
1.5879396985e-02,2327.868889,1.9840787590e+00,1.4712753265e-03,1.3292261023e-04,7.7159060161e-04,1.1679979594e-02,6.6704412537e-03,2.3404325940e-01,2.8892087315e-06,2.4537120829e-07,1.7740573351e-84,7.4522739664e-01
1.5979899497e-02,2328.835922,1.9840787590e+00,1.4644643961e-03,1.3163437120e-04,7.6479200749e-04,1.1632062324e-02,6.6470423876e-03,2.3412948034e-01,2.8706648664e-06,2.4457173895e-07,1.7740572635e-84,7.4522740893e-01
1.6080402010e-02,2329.802956,1.9840787590e+00,1.4576534658e-03,1.3034613216e-04,7.5799341337e-04,1.1584145053e-02,6.6236435215e-03,2.3421570129e-01,2.8521210014e-06,2.4377226961e-07,1.7740571918e-84,7.4522742123e-01
1.6180904523e-02,2330.769989,1.9840787591e+00,1.4508425354e-03,1.2905789312e-04,7.5119481925e-04,1.1536227783e-02,6.6002446554e-03,2.3430192224e-01,2.8335771363e-06,2.4297280026e-07,1.7740571201e-84,7.4522743353e-01
1.6281407035e-02,2331.737022,1.9840787591e+00,1.4440316051e-03,1.2776965409e-04,7.4439622513e-04,1.1488310513e-02,6.5768457893e-03,2.3438814318e-01,2.8150332713e-06,2.4217333092e-07,1.7740570485e-84,7.4522744582e-01
1.6381909548e-02,2332.704055,1.9840787591e+00,1.4372206747e-03,1.2648141505e-04,7.3759763101e-04,1.1440393243e-02,6.5534469232e-03,2.3447436413e-01,2.7964894062e-06,2.4137386157e-07,1.7740569768e-84,7.4522745812e-01
1.6482412060e-02,2333.671088,1.9840787591e+00,1.4304097444e-03,1.2519317601e-04,7.3079903689e-04,1.1392475972e-02,6.5300480571e-03,2.3456058508e-01,2.7779455412e-06,2.4057439223e-07,1.7740569052e-84,7.4522747042e-01
1.6582914573e-02,2334.638122,1.9840787591e+00,1.4235988141e-03,1.2390493697e-04,7.2400044277e-04,1.1344558702e-02,6.5066491910e-03,2.3464680602e-01,2.7594016762e-06,2.3977492288e-07,1.7740568335e-84,7.4522748271e-01
1.6683417085e-02,2335.514852,1.9840787591e+00,1.4173767928e-03,1.2275622932e-04,7.1792055522e-04,1.1300931540e-02,6.4851581405e-03,2.3472538012e-01,2.7428005875e-06,2.3905582396e-07,1.7740567702e-84,7.4522749477e-01
1.6783919598e-02,2336.259654,1.9840787591e+00,1.4120151364e-03,1.2181136960e-04,7.1289065977e-04,1.1263571999e-02,6.4664543071e-03,2.3479278257e-01,2.7290377921e-06,2.3845414197e-07,1.7740567192e-84,7.4522750647e-01
1.6884422111e-02,2337.004456,1.9840787591e+00,1.4066534800e-03,1.2086650987e-04,7.0786076433e-04,1.1226212458e-02,6.4477504738e-03,2.3486018502e-01,2.7152749966e-06,2.3785245998e-07,1.7740566681e-84,7.4522751817e-01
1.6984924623e-02,2337.749258,1.9840787591e+00,1.4012918236e-03,1.1992165015e-04,7.0283086889e-04,1.1188852918e-02,6.4290466404e-03,2.3492758747e-01,2.7015122011e-06,2.3725077798e-07,1.7740566171e-84,7.4522752987e-01
1.7085427136e-02,2338.494060,1.9840787591e+00,1.3959301672e-03,1.1897679043e-04,6.9780097344e-04,1.1151493377e-02,6.4103428070e-03,2.3499498992e-01,2.6877494057e-06,2.3664909599e-07,1.7740565660e-84,7.4522754157e-01
1.7185929648e-02,2339.238862,1.9840787591e+00,1.3905685107e-03,1.1803193071e-04,6.9277107800e-04,1.1114133836e-02,6.3916389736e-03,2.3506239237e-01,2.6739866102e-06,2.3604741400e-07,1.7740565150e-84,7.4522755327e-01
1.7286432161e-02,2339.983665,1.9840787591e+00,1.3852068543e-03,1.1708707099e-04,6.8774118256e-04,1.1076774295e-02,6.3729351403e-03,2.3512979482e-01,2.6602238147e-06,2.3544573200e-07,1.7740564639e-84,7.4522756497e-01
1.7386934673e-02,2340.728467,1.9840787591e+00,1.3798451979e-03,1.1614221127e-04,6.8271128711e-04,1.1039414754e-02,6.3542313069e-03,2.3519719727e-01,2.6464610193e-06,2.3484405001e-07,1.7740564129e-84,7.4522757667e-01
1.7487437186e-02,2341.473269,1.9840787591e+00,1.3744835415e-03,1.1519735155e-04,6.7768139167e-04,1.1002055213e-02,6.3355274735e-03,2.3526459972e-01,2.6326982238e-06,2.3424236802e-07,1.7740563618e-84,7.4522758837e-01
1.7587939698e-02,2342.218071,1.9840787591e+00,1.3691218851e-03,1.1425249183e-04,6.7265149623e-04,1.0964695672e-02,6.3168236402e-03,2.3533200217e-01,2.6189354283e-06,2.3364068602e-07,1.7740563108e-84,7.4522760007e-01
1.7688442211e-02,2342.962873,1.9840787591e+00,1.3637602287e-03,1.1330763211e-04,6.6762160078e-04,1.0927336131e-02,6.2981198068e-03,2.3539940462e-01,2.6051726329e-06,2.3303900403e-07,1.7740562597e-84,7.4522761177e-01
1.7788944724e-02,2343.707675,1.9840787591e+00,1.3583985723e-03,1.1236277239e-04,6.6259170534e-04,1.0889976590e-02,6.2794159734e-03,2.3546680707e-01,2.5914098374e-06,2.3243732204e-07,1.7740562087e-84,7.4522762347e-01
1.7889447236e-02,2344.452478,1.9840787592e+00,1.3530369159e-03,1.1141791266e-04,6.5756180990e-04,1.0852617049e-02,6.2607121401e-03,2.3553420952e-01,2.5776470419e-06,2.3183564004e-07,1.7740561576e-84,7.4522763517e-01
1.7989949749e-02,2344.942855,1.9840787592e+00,1.3494051056e-03,1.1082324821e-04,6.5437558169e-04,1.0827725564e-02,6.2479187368e-03,2.3557931060e-01,2.5688765350e-06,2.3144587618e-07,1.7740561323e-84,7.4522764084e-01
1.8090452261e-02,2345.425052,1.9840787592e+00,1.3458289167e-03,1.1023984393e-04,6.5124863479e-04,1.0803234976e-02,6.2353153776e-03,2.3562369459e-01,2.5602665502e-06,2.3106292634e-07,1.7740561079e-84,7.4522764633e-01
1.8190954774e-02,2345.907249,1.9840787592e+00,1.3422527279e-03,1.0965643966e-04,6.4812168790e-04,1.0778744389e-02,6.2227120184e-03,2.3566807859e-01,2.5516565654e-06,2.3067997651e-07,1.7740560834e-84,7.4522765181e-01
1.8291457286e-02,2346.389446,1.9840787592e+00,1.3386765391e-03,1.0907303539e-04,6.4499474100e-04,1.0754253801e-02,6.2101086591e-03,2.3571246259e-01,2.5430465806e-06,2.3029702667e-07,1.7740560590e-84,7.4522765729e-01
1.8391959799e-02,2346.871643,1.9840787592e+00,1.3351003502e-03,1.0848963111e-04,6.4186779411e-04,1.0729763213e-02,6.1975052999e-03,2.3575684658e-01,2.5344365959e-06,2.2991407683e-07,1.7740560345e-84,7.4522766278e-01
1.8492462312e-02,2347.353840,1.9840787592e+00,1.3315241614e-03,1.0790622684e-04,6.3874084721e-04,1.0705272626e-02,6.1849019407e-03,2.3580123058e-01,2.5258266111e-06,2.2953112699e-07,1.7740560101e-84,7.4522766826e-01
1.8592964824e-02,2347.836037,1.9840787592e+00,1.3279479726e-03,1.0732282256e-04,6.3561390031e-04,1.0680782038e-02,6.1722985815e-03,2.3584561458e-01,2.5172166263e-06,2.2914817715e-07,1.7740559857e-84,7.4522767374e-01
1.8693467337e-02,2348.318233,1.9840787592e+00,1.3243717837e-03,1.0673941829e-04,6.3248695342e-04,1.0656291451e-02,6.1596952223e-03,2.3588999857e-01,2.5086066415e-06,2.2876522731e-07,1.7740559612e-84,7.4522767923e-01
1.8793969849e-02,2348.800430,1.9840787593e+00,1.3207955949e-03,1.0615601402e-04,6.2936000652e-04,1.0631800863e-02,6.1470918631e-03,2.3593438257e-01,2.4999966567e-06,2.2838227747e-07,1.7740559368e-84,7.4522768471e-01
1.8894472362e-02,2349.282627,1.9840787593e+00,1.3172194061e-03,1.0557260974e-04,6.2623305962e-04,1.0607310276e-02,6.1344885039e-03,2.3597876656e-01,2.4913866719e-06,2.2799932763e-07,1.7740559123e-84,7.4522769019e-01
1.8994974874e-02,2349.764824,1.9840787593e+00,1.3136432172e-03,1.0498920547e-04,6.2310611273e-04,1.0582819688e-02,6.1218851447e-03,2.3602315056e-01,2.4827766871e-06,2.2761637780e-07,1.7740558879e-84,7.4522769568e-01
1.9095477387e-02,2350.247021,1.9840787593e+00,1.3100670284e-03,1.0440580120e-04,6.1997916583e-04,1.0558329100e-02,6.1092817854e-03,2.3606753456e-01,2.4741667023e-06,2.2723342796e-07,1.7740558634e-84,7.4522770116e-01
1.9195979899e-02,2350.729218,1.9840787593e+00,1.3064908396e-03,1.0382239692e-04,6.1685221893e-04,1.0533838513e-02,6.0966784262e-03,2.3611191855e-01,2.4655567175e-06,2.2685047812e-07,1.7740558390e-84,7.4522770664e-01
1.9296482412e-02,2351.211415,1.9840787593e+00,1.3029146508e-03,1.0323899265e-04,6.1372527204e-04,1.0509347925e-02,6.0840750670e-03,2.3615630255e-01,2.4569467328e-06,2.2646752828e-07,1.7740558145e-84,7.4522771213e-01
1.9396984925e-02,2351.693612,1.9840787593e+00,1.2993384619e-03,1.0265558838e-04,6.1059832514e-04,1.0484857338e-02,6.0714717078e-03,2.3620068655e-01,2.4483367480e-06,2.2608457844e-07,1.7740557901e-84,7.4522771761e-01
1.9497487437e-02,2352.175809,1.9840787593e+00,1.2957622731e-03,1.0207218410e-04,6.0747137824e-04,1.0460366750e-02,6.0588683486e-03,2.3624507054e-01,2.4397267632e-06,2.2570162860e-07,1.7740557656e-84,7.4522772309e-01
1.9597989950e-02,2352.658005,1.9840787594e+00,1.2921860843e-03,1.0148877983e-04,6.0434443135e-04,1.0435876163e-02,6.0462649894e-03,2.3628945454e-01,2.4311167784e-06,2.2531867876e-07,1.7740557412e-84,7.4522772858e-01
1.9698492462e-02,2353.140202,1.9840787594e+00,1.2886098954e-03,1.0090537556e-04,6.0121748445e-04,1.0411385575e-02,6.0336616302e-03,2.3633383854e-01,2.4225067936e-06,2.2493572892e-07,1.7740557167e-84,7.4522773406e-01
1.9798994975e-02,2353.622399,1.9840787594e+00,1.2850337066e-03,1.0032197128e-04,5.9809053755e-04,1.0386894987e-02,6.0210582710e-03,2.3637822253e-01,2.4138968088e-06,2.2455277909e-07,1.7740556923e-84,7.4522773954e-01
1.9899497487e-02,2354.104596,1.9840787594e+00,1.2814575178e-03,9.9738567008e-05,5.9496359066e-04,1.0362404400e-02,6.0084549117e-03,2.3642260653e-01,2.4052868240e-06,2.2416982925e-07,1.7740556679e-84,7.4522774503e-01
2.0000000000e-02,2354.586793,1.9840787594e+00,1.2778813289e-03,9.9155162734e-05,5.9183664376e-04,1.0337913812e-02,5.9958515525e-03,2.3646699053e-01,2.3966768392e-06,2.2378687941e-07,1.7740556434e-84,7.4522775051e-01
